device_id,model_id,model_sha256,architecture,quantization,runtime,requested_delegate,effective_delegate,threads,complete_trial_count,observation_count,latency_median_all_ms,latency_p95_all_ms,trial_median_mean_ms,trial_median_sd_ms,trial_median_cv,trial_throughput_mean_images_per_s,trial_throughput_sd_images_per_s,trial_median_bootstrap95_low_ms,trial_median_bootstrap95_high_ms,trial_p95_mean_ms,trial_p95_sd_ms,trial_p95_bootstrap95_low_ms,trial_p95_bootstrap95_high_ms,process_pss_median_mb,process_rss_median_mb,battery_temperature_min_c,battery_temperature_max_c,artifact_size_bytes,artifact_size_mb,selection_validation_accuracy,selection_validation_top1_agreement,accuracy,macro_precision,macro_recall,macro_f1,top1_agreement_with_keras,test_artifact_sha256,configuration_id,pareto_median,pareto_p95
realme_RMX3760_api35,efficientnet_b0_dynamic_int8,9d69d6ea033bbb5181ebf3fb5abb873a8c4407262e32f3bf25bf6bbe411052c9,efficientnet_b0,dynamic_int8,builtin_cpu,none,none_builtin,1,2,200,462.84749999999997,478.42289999999997,462.6965,2.130512731715051,0.0046045576997341695,2.164692118650065,0.0031400311014303634,461.19,464.203,479.56112499999995,3.184349323056447,477.30944999999997,481.8128,548.65771484375,541.1376953125,43.8,46.1,4592176,4.3794403076171875,0.7972587093089663,0.9568817818389491,0.8149100257069408,0.7689464953203852,0.8463847932262625,0.7967618833635844,0.9571550985432733,9d69d6ea033bbb5181ebf3fb5abb873a8c4407262e32f3bf25bf6bbe411052c9,efficientnet_b0_dynamic_int8__builtin_cpu__1t,False,False
realme_RMX3760_api35,efficientnet_b0_dynamic_int8,9d69d6ea033bbb5181ebf3fb5abb873a8c4407262e32f3bf25bf6bbe411052c9,efficientnet_b0,dynamic_int8,builtin_cpu,none,none_builtin,2,2,200,457.12199999999996,478.9475,457.03475,3.6575098256874266,0.008002695256077195,2.186213785286551,0.015843735144722156,454.44849999999997,459.621,477.75995,4.458449676737429,474.60735,480.91255,658.74365234375,578.3056640625,41.1,44.0,4592176,4.3794403076171875,0.7972587093089663,0.9568817818389491,0.8149100257069408,0.7689464953203852,0.8463847932262625,0.7967618833635844,0.9571550985432733,9d69d6ea033bbb5181ebf3fb5abb873a8c4407262e32f3bf25bf6bbe411052c9,efficientnet_b0_dynamic_int8__builtin_cpu__2t,False,False
realme_RMX3760_api35,efficientnet_b0_dynamic_int8,9d69d6ea033bbb5181ebf3fb5abb873a8c4407262e32f3bf25bf6bbe411052c9,efficientnet_b0,dynamic_int8,builtin_cpu,none,none_builtin,4,2,200,457.976,485.1536,458.03825,1.4909346481317898,0.0032550439796933768,2.1719490580954286,0.008765926659406308,456.98400000000004,459.0925,485.57315,8.773922362318894,479.36905,491.77725,494.091796875,423.5078125,43.1,44.0,4592176,4.3794403076171875,0.7972587093089663,0.9568817818389491,0.8149100257069408,0.7689464953203852,0.8463847932262625,0.7967618833635844,0.9571550985432733,9d69d6ea033bbb5181ebf3fb5abb873a8c4407262e32f3bf25bf6bbe411052c9,efficientnet_b0_dynamic_int8__builtin_cpu__4t,False,False
realme_RMX3760_api35,efficientnet_b0_dynamic_int8,9d69d6ea033bbb5181ebf3fb5abb873a8c4407262e32f3bf25bf6bbe411052c9,efficientnet_b0,dynamic_int8,xnnpack_cpu,xnnpack,xnnpack_initialized_partition_unverified,1,2,200,441.1865,466.6914,440.36825,6.506443047088024,0.014775004889857578,2.26853192619122,0.03424226414952634,435.7675,444.969,463.097625,11.516612789846274,454.95414999999997,471.2411,627.798828125,498.8076171875,43.9,45.8,4592176,4.3794403076171875,0.7972587093089663,0.9568817818389491,0.8149100257069408,0.7689464953203852,0.8463847932262625,0.7967618833635844,0.9571550985432733,9d69d6ea033bbb5181ebf3fb5abb873a8c4407262e32f3bf25bf6bbe411052c9,efficientnet_b0_dynamic_int8__xnnpack_cpu__1t,False,False
realme_RMX3760_api35,efficientnet_b0_dynamic_int8,9d69d6ea033bbb5181ebf3fb5abb873a8c4407262e32f3bf25bf6bbe411052c9,efficientnet_b0,dynamic_int8,xnnpack_cpu,xnnpack,xnnpack_initialized_partition_unverified,2,2,200,445.572,463.1571,445.70975,5.925908379733849,0.013295442560396872,2.252535041807432,0.027834280356062325,441.5195,449.9,461.89715,2.6875714539337765,459.99675,463.79754999999994,400.42578125,480.15234375,42.4,43.9,4592176,4.3794403076171875,0.7972587093089663,0.9568817818389491,0.8149100257069408,0.7689464953203852,0.8463847932262625,0.7967618833635844,0.9571550985432733,9d69d6ea033bbb5181ebf3fb5abb873a8c4407262e32f3bf25bf6bbe411052c9,efficientnet_b0_dynamic_int8__xnnpack_cpu__2t,False,False
realme_RMX3760_api35,efficientnet_b0_dynamic_int8,9d69d6ea033bbb5181ebf3fb5abb873a8c4407262e32f3bf25bf6bbe411052c9,efficientnet_b0,dynamic_int8,xnnpack_cpu,xnnpack,xnnpack_initialized_partition_unverified,4,2,200,446.24850000000004,468.01765,445.99475,1.7483215164837163,0.003920049544268663,2.2396741422422783,0.010737371291665757,444.7585,447.231,468.04247499999997,1.155377125119698,467.2255,468.8594499999999,540.299560546875,529.4365234375,44.0,45.8,4592176,4.3794403076171875,0.7972587093089663,0.9568817818389491,0.8149100257069408,0.7689464953203852,0.8463847932262625,0.7967618833635844,0.9571550985432733,9d69d6ea033bbb5181ebf3fb5abb873a8c4407262e32f3bf25bf6bbe411052c9,efficientnet_b0_dynamic_int8__xnnpack_cpu__4t,False,False
realme_RMX3760_api35,efficientnet_b0_float16,8b487a2559093bb4a7f986aa93665bf5c61d27c44c836376ec46bebc84d1bc8c,efficientnet_b0,float16,builtin_cpu,none,none_builtin,1,2,200,497.289,524.04395,497.9035,3.4535095193151086,0.006936102114797563,2.0070537698411743,0.012795097739042442,495.4615,500.3455,523.9300250000001,2.436442480595428,522.2072000000001,525.6528500000001,576.833251953125,499.5341796875,43.9,45.2,8165448,7.787178039550781,0.7986864648772131,0.997430039977156,0.8251928020565553,0.7771722396589149,0.8577772482871082,0.8089239421875463,0.9994287346472437,8b487a2559093bb4a7f986aa93665bf5c61d27c44c836376ec46bebc84d1bc8c,efficientnet_b0_float16__builtin_cpu__1t,False,False
realme_RMX3760_api35,efficientnet_b0_float16,8b487a2559093bb4a7f986aa93665bf5c61d27c44c836376ec46bebc84d1bc8c,efficientnet_b0,float16,builtin_cpu,none,none_builtin,2,2,200,510.786,670.1940999999998,509.65275,7.600337237583631,0.014912775880408043,1.9107137936990015,0.10031261438022218,504.2785,515.027,661.7831249999999,187.51994539989934,529.1865,794.37975,659.06298828125,628.875,41.5,43.9,8165448,7.787178039550781,0.7986864648772131,0.997430039977156,0.8251928020565553,0.7771722396589149,0.8577772482871082,0.8089239421875463,0.9994287346472437,8b487a2559093bb4a7f986aa93665bf5c61d27c44c836376ec46bebc84d1bc8c,efficientnet_b0_float16__builtin_cpu__2t,False,False
realme_RMX3760_api35,efficientnet_b0_float16,8b487a2559093bb4a7f986aa93665bf5c61d27c44c836376ec46bebc84d1bc8c,efficientnet_b0,float16,builtin_cpu,none,none_builtin,4,2,200,485.47749999999996,503.66814999999997,486.01125,2.5643227419730295,0.005276262107045937,2.0590160251175256,0.020307872364606037,484.198,487.8245,507.83439999999996,10.923526977126013,500.1103,515.5585,472.60595703125,499.2646484375,43.4,44.9,8165448,7.787178039550781,0.7986864648772131,0.997430039977156,0.8251928020565553,0.7771722396589149,0.8577772482871082,0.8089239421875463,0.9994287346472437,8b487a2559093bb4a7f986aa93665bf5c61d27c44c836376ec46bebc84d1bc8c,efficientnet_b0_float16__builtin_cpu__4t,False,False
realme_RMX3760_api35,efficientnet_b0_float16,8b487a2559093bb4a7f986aa93665bf5c61d27c44c836376ec46bebc84d1bc8c,efficientnet_b0,float16,xnnpack_cpu,xnnpack,xnnpack_initialized_partition_unverified,1,2,200,457.124,479.93339999999995,456.39225,3.4510346455809335,0.007561554004435732,2.182482796149926,0.027661336793951892,453.952,458.8325,481.94845,15.023332094445617,471.32535,492.57155,530.30615234375,539.5791015625,43.8,45.7,8165448,7.787178039550781,0.7986864648772131,0.997430039977156,0.8251928020565553,0.7771722396589149,0.8577772482871082,0.8089239421875463,0.9994287346472437,8b487a2559093bb4a7f986aa93665bf5c61d27c44c836376ec46bebc84d1bc8c,efficientnet_b0_float16__xnnpack_cpu__1t,False,False
realme_RMX3760_api35,efficientnet_b0_float16,8b487a2559093bb4a7f986aa93665bf5c61d27c44c836376ec46bebc84d1bc8c,efficientnet_b0,float16,xnnpack_cpu,xnnpack,xnnpack_initialized_partition_unverified,2,2,200,454.471,469.65475,454.2525,4.960354070023621,0.010919816775964077,2.202807616822138,0.01884171192148173,450.745,457.76,468.38685,5.167041382164458,464.7332,472.0405,620.877197265625,617.310546875,42.0,43.8,8165448,7.787178039550781,0.7986864648772131,0.997430039977156,0.8251928020565553,0.7771722396589149,0.8577772482871082,0.8089239421875463,0.9994287346472437,8b487a2559093bb4a7f986aa93665bf5c61d27c44c836376ec46bebc84d1bc8c,efficientnet_b0_float16__xnnpack_cpu__2t,False,False
realme_RMX3760_api35,efficientnet_b0_float16,8b487a2559093bb4a7f986aa93665bf5c61d27c44c836376ec46bebc84d1bc8c,efficientnet_b0,float16,xnnpack_cpu,xnnpack,xnnpack_initialized_partition_unverified,4,2,200,454.414,480.40829999999994,455.587,3.0073251403863765,0.006600989800820429,2.190517568078128,0.009627594975114857,453.4605,457.7135,480.874525,2.5084966615983375,479.10075,482.6483,475.912109375,501.6943359375,43.6,44.9,8165448,7.787178039550781,0.7986864648772131,0.997430039977156,0.8251928020565553,0.7771722396589149,0.8577772482871082,0.8089239421875463,0.9994287346472437,8b487a2559093bb4a7f986aa93665bf5c61d27c44c836376ec46bebc84d1bc8c,efficientnet_b0_float16__xnnpack_cpu__4t,False,False
realme_RMX3760_api35,efficientnet_b0_float32,4e7bf575be33b6f10e45f58a6f5b2aa4ac03b48b6e5b563369fa98b03d95d03a,efficientnet_b0,float32,builtin_cpu,none,none_builtin,1,2,200,498.046,517.09245,497.94275000000005,1.4053747276082713,0.0028223620639285765,2.005955182287347,0.007092083580446602,496.949,498.9365,515.9678,1.7306438469540686,514.74405,517.19155,578.8935546875,550.7353515625,44.2,46.1,16115064,15.368522644042969,0.797829811536265,1.0,0.8254784347329335,0.7773802858605656,0.8582988966960807,0.8093055530206615,1.0,4e7bf575be33b6f10e45f58a6f5b2aa4ac03b48b6e5b563369fa98b03d95d03a,efficientnet_b0_float32__builtin_cpu__1t,False,False
realme_RMX3760_api35,efficientnet_b0_float32,4e7bf575be33b6f10e45f58a6f5b2aa4ac03b48b6e5b563369fa98b03d95d03a,efficientnet_b0,float32,builtin_cpu,none,none_builtin,2,2,200,514.2845,541.65065,514.27475,6.38552778750509,0.012416568745607459,1.9416443718618739,0.023811599377197127,509.7595,518.79,540.1196500000001,14.93211531967258,529.56105,550.67825,530.7998046875,572.931640625,43.1,45.6,16115064,15.368522644042969,0.797829811536265,1.0,0.8254784347329335,0.7773802858605656,0.8582988966960807,0.8093055530206615,1.0,4e7bf575be33b6f10e45f58a6f5b2aa4ac03b48b6e5b563369fa98b03d95d03a,efficientnet_b0_float32__builtin_cpu__2t,False,False
realme_RMX3760_api35,efficientnet_b0_float32,4e7bf575be33b6f10e45f58a6f5b2aa4ac03b48b6e5b563369fa98b03d95d03a,efficientnet_b0,float32,builtin_cpu,none,none_builtin,4,2,200,489.322,519.23005,489.13775,2.9192903461286432,0.005968237671552939,2.032311717930384,0.02323454754297806,487.0735,491.202,526.6596,15.132580092138967,515.95925,537.35995,572.075439453125,562.318359375,43.8,45.8,16115064,15.368522644042969,0.797829811536265,1.0,0.8254784347329335,0.7773802858605656,0.8582988966960807,0.8093055530206615,1.0,4e7bf575be33b6f10e45f58a6f5b2aa4ac03b48b6e5b563369fa98b03d95d03a,efficientnet_b0_float32__builtin_cpu__4t,False,False
realme_RMX3760_api35,efficientnet_b0_float32,4e7bf575be33b6f10e45f58a6f5b2aa4ac03b48b6e5b563369fa98b03d95d03a,efficientnet_b0,float32,xnnpack_cpu,xnnpack,xnnpack_initialized_partition_unverified,1,2,200,452.2195,467.65119999999996,452.024,8.283755941600427,0.01832592061837519,2.215065792783675,0.030228142021110436,446.1665,457.8815,467.10317499999996,3.748761955799515,464.4524,469.75395,557.15234375,569.4423828125,43.7,44.9,16115064,15.368522644042969,0.797829811536265,1.0,0.8254784347329335,0.7773802858605656,0.8582988966960807,0.8093055530206615,1.0,4e7bf575be33b6f10e45f58a6f5b2aa4ac03b48b6e5b563369fa98b03d95d03a,efficientnet_b0_float32__xnnpack_cpu__1t,False,False
realme_RMX3760_api35,efficientnet_b0_float32,4e7bf575be33b6f10e45f58a6f5b2aa4ac03b48b6e5b563369fa98b03d95d03a,efficientnet_b0,float32,xnnpack_cpu,xnnpack,xnnpack_initialized_partition_unverified,2,2,200,452.921,469.5469,452.8945,1.125713995649013,0.002485598733588094,2.210539854187665,0.007160279144420689,452.0985,453.69050000000004,468.90959999999995,1.3489476064695203,467.95575,469.86344999999994,648.6259765625,615.30078125,43.8,44.2,16115064,15.368522644042969,0.797829811536265,1.0,0.8254784347329335,0.7773802858605656,0.8582988966960807,0.8093055530206615,1.0,4e7bf575be33b6f10e45f58a6f5b2aa4ac03b48b6e5b563369fa98b03d95d03a,efficientnet_b0_float32__xnnpack_cpu__2t,False,False
realme_RMX3760_api35,efficientnet_b0_float32,4e7bf575be33b6f10e45f58a6f5b2aa4ac03b48b6e5b563369fa98b03d95d03a,efficientnet_b0,float32,xnnpack_cpu,xnnpack,xnnpack_initialized_partition_unverified,4,2,200,454.15700000000004,480.22054999999995,453.9895,0.47588286373854777,0.001048224383468225,2.199226610265331,0.008407815478000317,453.653,454.326,482.33742500000005,12.962716868050876,473.1714,491.50345000000004,626.4482421875,498.4189453125,43.9,45.7,16115064,15.368522644042969,0.797829811536265,1.0,0.8254784347329335,0.7773802858605656,0.8582988966960807,0.8093055530206615,1.0,4e7bf575be33b6f10e45f58a6f5b2aa4ac03b48b6e5b563369fa98b03d95d03a,efficientnet_b0_float32__xnnpack_cpu__4t,False,False
realme_RMX3760_api35,efficientnet_b0_full_int8,bf768dda79fe589885aa9c79820a478236c331901a921dec3f8de87c8219a214,efficientnet_b0,full_int8,builtin_cpu,none,none_builtin,1,2,200,313.15549999999996,324.00205,313.5105,0.7601397897755306,0.0024246071177058846,3.2205933485245137,0.0029455875505579178,312.973,314.048,327.158275,6.616362796223495,322.47979999999995,331.83675,474.7080078125,465.7744140625,43.8,44.2,4953200,4.7237396240234375,0.7141633352370075,0.7441462021701885,0.7086546700942588,0.692476917445151,0.6519125904246574,0.6409795218518748,0.7457869180234219,bf768dda79fe589885aa9c79820a478236c331901a921dec3f8de87c8219a214,efficientnet_b0_full_int8__builtin_cpu__1t,False,False
realme_RMX3760_api35,efficientnet_b0_full_int8,bf768dda79fe589885aa9c79820a478236c331901a921dec3f8de87c8219a214,efficientnet_b0,full_int8,builtin_cpu,none,none_builtin,2,2,200,329.328,361.60709999999995,329.39324999999997,1.246275701841282,0.0037835496077751507,3.025448712472855,0.017801414515763173,328.512,330.2745,362.70065,4.503492378699041,359.51619999999997,365.8851,407.144287109375,457.9697265625,42.5,45.4,4953200,4.7237396240234375,0.7141633352370075,0.7441462021701885,0.7086546700942588,0.692476917445151,0.6519125904246574,0.6409795218518748,0.7457869180234219,bf768dda79fe589885aa9c79820a478236c331901a921dec3f8de87c8219a214,efficientnet_b0_full_int8__builtin_cpu__2t,False,False
realme_RMX3760_api35,efficientnet_b0_full_int8,bf768dda79fe589885aa9c79820a478236c331901a921dec3f8de87c8219a214,efficientnet_b0,full_int8,builtin_cpu,none,none_builtin,4,2,200,302.0745,323.91205,301.86875,0.7527151685730464,0.0024935180225612837,3.3061874882762132,0.008729746023697535,301.3365,302.40099999999995,323.88965,0.43416356364856334,323.58265,324.19665000000003,456.64990234375,474.6875,43.9,45.5,4953200,4.7237396240234375,0.7141633352370075,0.7441462021701885,0.7086546700942588,0.692476917445151,0.6519125904246574,0.6409795218518748,0.7457869180234219,bf768dda79fe589885aa9c79820a478236c331901a921dec3f8de87c8219a214,efficientnet_b0_full_int8__builtin_cpu__4t,False,False
realme_RMX3760_api35,efficientnet_b0_full_int8,bf768dda79fe589885aa9c79820a478236c331901a921dec3f8de87c8219a214,efficientnet_b0,full_int8,xnnpack_cpu,xnnpack,xnnpack_initialized_partition_unverified,1,2,200,182.1465,199.44719999999998,181.56175000000002,3.7423626394297957,0.020612065258402694,5.475211901361918,0.06291034887890536,178.9155,184.208,199.36559999999997,2.28600551289799,197.74915,200.98205,593.7734375,579.890625,41.4,43.9,4953200,4.7237396240234375,0.7141633352370075,0.7441462021701885,0.7086546700942588,0.692476917445151,0.6519125904246574,0.6409795218518748,0.7457869180234219,bf768dda79fe589885aa9c79820a478236c331901a921dec3f8de87c8219a214,efficientnet_b0_full_int8__xnnpack_cpu__1t,False,False
realme_RMX3760_api35,efficientnet_b0_full_int8,bf768dda79fe589885aa9c79820a478236c331901a921dec3f8de87c8219a214,efficientnet_b0,full_int8,xnnpack_cpu,xnnpack,xnnpack_initialized_partition_unverified,2,2,200,187.8495,207.97845,187.9105,0.12232947314527401,0.000650998603831473,5.397595483471991,0.0643655356685218,187.824,187.997,207.413575,1.3056373161219037,206.49035,208.3368,672.140869140625,522.11328125,41.8,44.7,4953200,4.7237396240234375,0.7141633352370075,0.7441462021701885,0.7086546700942588,0.692476917445151,0.6519125904246574,0.6409795218518748,0.7457869180234219,bf768dda79fe589885aa9c79820a478236c331901a921dec3f8de87c8219a214,efficientnet_b0_full_int8__xnnpack_cpu__2t,False,False
realme_RMX3760_api35,efficientnet_b0_full_int8,bf768dda79fe589885aa9c79820a478236c331901a921dec3f8de87c8219a214,efficientnet_b0,full_int8,xnnpack_cpu,xnnpack,xnnpack_initialized_partition_unverified,4,2,200,187.453,200.78895,187.55575,2.4653277926069026,0.013144506593942883,5.380777735623118,0.009174622137756811,185.8125,189.299,200.775575,0.3562050410227209,200.5237,201.02745,595.83935546875,467.953125,44.7,46.1,4953200,4.7237396240234375,0.7141633352370075,0.7441462021701885,0.7086546700942588,0.692476917445151,0.6519125904246574,0.6409795218518748,0.7457869180234219,bf768dda79fe589885aa9c79820a478236c331901a921dec3f8de87c8219a214,efficientnet_b0_full_int8__xnnpack_cpu__4t,False,False
realme_RMX3760_api35,mobilenet_v2_dynamic_int8,97e33bb8b77f611d54bdce32a39c325b54b8d1d0b5a6d401adea5c5bbb182b8f,mobilenet_v2,dynamic_int8,builtin_cpu,none,none_builtin,1,2,200,392.747,412.46804999999995,392.20425,2.662610584557927,0.006788836644574674,2.548409855484004,0.009516639789725419,390.3215,394.087,412.2762,4.177233309859509,409.32245,415.22995,528.255859375,459.36328125,44.0,44.4,2545400,2.4274826049804688,0.8326670474014849,0.9663049685893775,0.8389031705227078,0.8134508901717584,0.8275618527369899,0.8134745121664857,0.9745786918023421,97e33bb8b77f611d54bdce32a39c325b54b8d1d0b5a6d401adea5c5bbb182b8f,mobilenet_v2_dynamic_int8__builtin_cpu__1t,False,False
realme_RMX3760_api35,mobilenet_v2_dynamic_int8,97e33bb8b77f611d54bdce32a39c325b54b8d1d0b5a6d401adea5c5bbb182b8f,mobilenet_v2,dynamic_int8,builtin_cpu,none,none_builtin,2,2,200,390.5245,411.09459999999996,390.6465,0.4744686501761277,0.0012145728943587814,2.5549984175293696,0.013963483634008173,390.31100000000004,390.98199999999997,426.0444,24.945878712123964,408.405,443.68379999999996,637.966796875,557.4228515625,43.8,44.0,2545400,2.4274826049804688,0.8326670474014849,0.9663049685893775,0.8389031705227078,0.8134508901717584,0.8275618527369899,0.8134745121664857,0.9745786918023421,97e33bb8b77f611d54bdce32a39c325b54b8d1d0b5a6d401adea5c5bbb182b8f,mobilenet_v2_dynamic_int8__builtin_cpu__2t,False,False
realme_RMX3760_api35,mobilenet_v2_dynamic_int8,97e33bb8b77f611d54bdce32a39c325b54b8d1d0b5a6d401adea5c5bbb182b8f,mobilenet_v2,dynamic_int8,builtin_cpu,none,none_builtin,4,2,200,392.14599999999996,421.22094999999996,392.11,1.4184562030602346,0.0036174956085288173,2.539668493029299,0.005744332543313959,391.10699999999997,393.113,421.0176,0.29818692962635795,420.80675,421.22845,633.9384765625,597.2744140625,42.3,44.0,2545400,2.4274826049804688,0.8326670474014849,0.9663049685893775,0.8389031705227078,0.8134508901717584,0.8275618527369899,0.8134745121664857,0.9745786918023421,97e33bb8b77f611d54bdce32a39c325b54b8d1d0b5a6d401adea5c5bbb182b8f,mobilenet_v2_dynamic_int8__builtin_cpu__4t,False,False
realme_RMX3760_api35,mobilenet_v2_dynamic_int8,97e33bb8b77f611d54bdce32a39c325b54b8d1d0b5a6d401adea5c5bbb182b8f,mobilenet_v2,dynamic_int8,xnnpack_cpu,xnnpack,xnnpack_initialized_partition_unverified,1,2,200,390.6475,410.26055,390.04175,3.3746671132128236,0.008652066383182886,2.556006786149238,0.0348778304013044,387.65549999999996,392.428,411.95644999999996,10.735224441295994,404.3655,419.5473999999999,644.015380859375,600.9296875,41.1,44.1,2545400,2.4274826049804688,0.8326670474014849,0.9663049685893775,0.8389031705227078,0.8134508901717584,0.8275618527369899,0.8134745121664857,0.9745786918023421,97e33bb8b77f611d54bdce32a39c325b54b8d1d0b5a6d401adea5c5bbb182b8f,mobilenet_v2_dynamic_int8__xnnpack_cpu__1t,True,True
realme_RMX3760_api35,mobilenet_v2_dynamic_int8,97e33bb8b77f611d54bdce32a39c325b54b8d1d0b5a6d401adea5c5bbb182b8f,mobilenet_v2,dynamic_int8,xnnpack_cpu,xnnpack,xnnpack_initialized_partition_unverified,2,2,200,395.02049999999997,413.1089,395.034,0.24395183950937818,0.0006175464377987165,2.5430823175054598,0.010432362779205749,394.8615,395.2065,414.14525000000003,7.842097046071278,408.60005,419.69045,511.593505859375,509.2255859375,43.8,45.6,2545400,2.4274826049804688,0.8326670474014849,0.9663049685893775,0.8389031705227078,0.8134508901717584,0.8275618527369899,0.8134745121664857,0.9745786918023421,97e33bb8b77f611d54bdce32a39c325b54b8d1d0b5a6d401adea5c5bbb182b8f,mobilenet_v2_dynamic_int8__xnnpack_cpu__2t,False,False
realme_RMX3760_api35,mobilenet_v2_dynamic_int8,97e33bb8b77f611d54bdce32a39c325b54b8d1d0b5a6d401adea5c5bbb182b8f,mobilenet_v2,dynamic_int8,xnnpack_cpu,xnnpack,xnnpack_initialized_partition_unverified,4,2,200,401.4415,425.13255,400.65725,6.068743949533531,0.015146971506277578,2.486806846737577,0.03284020605391401,396.366,404.94849999999997,424.271325,2.796713385609976,422.29375,426.2489,627.0517578125,544.1376953125,43.8,45.1,2545400,2.4274826049804688,0.8326670474014849,0.9663049685893775,0.8389031705227078,0.8134508901717584,0.8275618527369899,0.8134745121664857,0.9745786918023421,97e33bb8b77f611d54bdce32a39c325b54b8d1d0b5a6d401adea5c5bbb182b8f,mobilenet_v2_dynamic_int8__xnnpack_cpu__4t,False,False
realme_RMX3760_api35,mobilenet_v2_float16,801130c48bc49023dd5481bab243c5909309bb5630b0b1d4594ca5ef1ab954dd,mobilenet_v2,float16,builtin_cpu,none,none_builtin,1,2,200,418.2155,439.61539999999997,417.87025,2.9539385784068086,0.007069032979511723,2.3851931786946254,0.003834117969325862,415.7815,419.959,439.57467499999996,1.776570432392142,438.31845,440.8309,513.24365234375,491.7841796875,44.0,45.0,4537556,4.327350616455078,0.8398058252427184,0.9951456310679612,0.8429020279920023,0.8125786972481774,0.8365305194238616,0.818354915619977,0.9965724078834619,801130c48bc49023dd5481bab243c5909309bb5630b0b1d4594ca5ef1ab954dd,mobilenet_v2_float16__builtin_cpu__1t,False,False
realme_RMX3760_api35,mobilenet_v2_float16,801130c48bc49023dd5481bab243c5909309bb5630b0b1d4594ca5ef1ab954dd,mobilenet_v2,float16,builtin_cpu,none,none_builtin,2,2,200,425.94899999999996,445.12739999999997,426.6415,2.5865966055804015,0.006062693398509993,2.345365755982904,0.007670193943833845,424.8125,428.4705,444.63965,0.6897826650474848,444.1519,445.1274,596.03076171875,524.1787109375,44.0,45.8,4537556,4.327350616455078,0.8398058252427184,0.9951456310679612,0.8429020279920023,0.8125786972481774,0.8365305194238616,0.818354915619977,0.9965724078834619,801130c48bc49023dd5481bab243c5909309bb5630b0b1d4594ca5ef1ab954dd,mobilenet_v2_float16__builtin_cpu__2t,False,False
realme_RMX3760_api35,mobilenet_v2_float16,801130c48bc49023dd5481bab243c5909309bb5630b0b1d4594ca5ef1ab954dd,mobilenet_v2,float16,builtin_cpu,none,none_builtin,4,2,200,410.92949999999996,428.6491,410.94674999999995,0.024395183950961935,5.936336995234039e-05,2.43993434389261,0.0010935288192475906,410.92949999999996,410.964,429.498825,1.9570947936290515,428.11495,430.8827,673.591064453125,538.4931640625,44.0,44.2,4537556,4.327350616455078,0.8398058252427184,0.9951456310679612,0.8429020279920023,0.8125786972481774,0.8365305194238616,0.818354915619977,0.9965724078834619,801130c48bc49023dd5481bab243c5909309bb5630b0b1d4594ca5ef1ab954dd,mobilenet_v2_float16__builtin_cpu__4t,False,False
realme_RMX3760_api35,mobilenet_v2_float16,801130c48bc49023dd5481bab243c5909309bb5630b0b1d4594ca5ef1ab954dd,mobilenet_v2,float16,xnnpack_cpu,xnnpack,xnnpack_initialized_partition_unverified,1,2,200,393.846,410.0061,393.40625,3.7748895513644314,0.009595398017607578,2.5504404520190977,0.02266384948613618,390.73699999999997,396.07550000000003,409.20372499999996,3.846837666350069,406.4836,411.92384999999996,602.1484375,588.3798828125,42.1,43.9,4537556,4.327350616455078,0.8398058252427184,0.9951456310679612,0.8429020279920023,0.8125786972481774,0.8365305194238616,0.818354915619977,0.9965724078834619,801130c48bc49023dd5481bab243c5909309bb5630b0b1d4594ca5ef1ab954dd,mobilenet_v2_float16__xnnpack_cpu__1t,True,True
realme_RMX3760_api35,mobilenet_v2_float16,801130c48bc49023dd5481bab243c5909309bb5630b0b1d4594ca5ef1ab954dd,mobilenet_v2,float16,xnnpack_cpu,xnnpack,xnnpack_initialized_partition_unverified,2,2,200,395.665,418.65894999999995,396.807,5.568465901844061,0.014033184651087459,2.5303053375629796,0.04085376171858136,392.8695,400.7445,415.335625,9.097883334119544,408.90245,421.7688,457.291015625,506.505859375,43.1,45.6,4537556,4.327350616455078,0.8398058252427184,0.9951456310679612,0.8429020279920023,0.8125786972481774,0.8365305194238616,0.818354915619977,0.9965724078834619,801130c48bc49023dd5481bab243c5909309bb5630b0b1d4594ca5ef1ab954dd,mobilenet_v2_float16__xnnpack_cpu__2t,False,False
realme_RMX3760_api35,mobilenet_v2_float16,801130c48bc49023dd5481bab243c5909309bb5630b0b1d4594ca5ef1ab954dd,mobilenet_v2,float16,xnnpack_cpu,xnnpack,xnnpack_initialized_partition_unverified,4,2,200,393.0515,411.6287,393.49024999999995,4.116422126677457,0.010461306542353863,2.543993737304745,0.012749350465794862,390.5795,396.40099999999995,411.41802500000006,1.0565943077880144,410.6709,412.16515000000004,517.4189453125,513.423828125,43.9,45.8,4537556,4.327350616455078,0.8398058252427184,0.9951456310679612,0.8429020279920023,0.8125786972481774,0.8365305194238616,0.818354915619977,0.9965724078834619,801130c48bc49023dd5481bab243c5909309bb5630b0b1d4594ca5ef1ab954dd,mobilenet_v2_float16__xnnpack_cpu__4t,False,False
realme_RMX3760_api35,mobilenet_v2_float32,bec15e3963d46e241acd9c906831107e97b4c00b81c895257a4321545dcd738d,mobilenet_v2,float32,builtin_cpu,none,none_builtin,1,2,200,420.82050000000004,441.3463,420.2045,1.9480791821689352,0.004636026463707398,2.380619606160539,0.004790061115798641,418.827,421.582,440.975425,2.5447005287951248,439.17605,442.7748,585.02392578125,460.8779296875,43.9,45.5,8937820,8.52376937866211,0.8406624785836665,1.0,0.8443301913738932,0.8147799751750339,0.8382126451784015,0.8205103832424243,1.0,bec15e3963d46e241acd9c906831107e97b4c00b81c895257a4321545dcd738d,mobilenet_v2_float32__builtin_cpu__1t,False,False
realme_RMX3760_api35,mobilenet_v2_float32,bec15e3963d46e241acd9c906831107e97b4c00b81c895257a4321545dcd738d,mobilenet_v2,float32,builtin_cpu,none,none_builtin,2,2,200,435.71950000000004,475.69264999999996,435.4085,6.986214998123086,0.01604519663287025,2.2766350539657143,0.05119685453700871,430.4685,440.3485,484.30637499999995,24.890335474461676,466.70625,501.9064999999999,398.032958984375,448.498046875,42.6,43.5,8937820,8.52376937866211,0.8406624785836665,1.0,0.8443301913738932,0.8147799751750339,0.8382126451784015,0.8205103832424243,1.0,bec15e3963d46e241acd9c906831107e97b4c00b81c895257a4321545dcd738d,mobilenet_v2_float32__builtin_cpu__2t,False,False
realme_RMX3760_api35,mobilenet_v2_float32,bec15e3963d46e241acd9c906831107e97b4c00b81c895257a4321545dcd738d,mobilenet_v2,float32,builtin_cpu,none,none_builtin,4,2,200,412.46299999999997,443.0496999999998,412.97375,1.9802525407129663,0.00479510511433951,2.4110294356512503,0.018516113840774118,411.57349999999997,414.374,441.26997499999993,2.662292386506352,439.38745,443.1524999999999,599.9599609375,585.9140625,43.0,43.8,8937820,8.52376937866211,0.8406624785836665,1.0,0.8443301913738932,0.8147799751750339,0.8382126451784015,0.8205103832424243,1.0,bec15e3963d46e241acd9c906831107e97b4c00b81c895257a4321545dcd738d,mobilenet_v2_float32__builtin_cpu__4t,False,False
realme_RMX3760_api35,mobilenet_v2_float32,bec15e3963d46e241acd9c906831107e97b4c00b81c895257a4321545dcd738d,mobilenet_v2,float32,xnnpack_cpu,xnnpack,xnnpack_initialized_partition_unverified,1,2,200,393.76750000000004,413.0055,394.74225,4.1574343199863115,0.010532022655254946,2.534888386004045,0.02654613982175285,391.8025,397.682,412.622425,2.6547970546258073,410.7452,414.49965,507.8564453125,438.7236328125,43.1,44.0,8937820,8.52376937866211,0.8406624785836665,1.0,0.8443301913738932,0.8147799751750339,0.8382126451784015,0.8205103832424243,1.0,bec15e3963d46e241acd9c906831107e97b4c00b81c895257a4321545dcd738d,mobilenet_v2_float32__xnnpack_cpu__1t,True,True
realme_RMX3760_api35,mobilenet_v2_float32,bec15e3963d46e241acd9c906831107e97b4c00b81c895257a4321545dcd738d,mobilenet_v2,float32,xnnpack_cpu,xnnpack,xnnpack_initialized_partition_unverified,2,2,200,400.4565,451.7412499999999,400.50575000000003,1.5588168991257412,0.0038921211471389387,2.471597636234367,0.05666620178882896,399.4035,401.608,442.547325,35.7030588189758,417.30145000000005,467.79319999999996,420.855712890625,448.197265625,43.2,44.2,8937820,8.52376937866211,0.8406624785836665,1.0,0.8443301913738932,0.8147799751750339,0.8382126451784015,0.8205103832424243,1.0,bec15e3963d46e241acd9c906831107e97b4c00b81c895257a4321545dcd738d,mobilenet_v2_float32__xnnpack_cpu__2t,False,False
realme_RMX3760_api35,mobilenet_v2_float32,bec15e3963d46e241acd9c906831107e97b4c00b81c895257a4321545dcd738d,mobilenet_v2,float32,xnnpack_cpu,xnnpack,xnnpack_initialized_partition_unverified,4,2,200,399.3555,422.62435,399.114,0.6427600640985659,0.0016104673454165124,2.499530983421132,0.01947439399807603,398.6595,399.5685,421.704925,1.534810623904495,420.61965,422.7902,429.81103515625,455.2509765625,43.5,43.9,8937820,8.52376937866211,0.8406624785836665,1.0,0.8443301913738932,0.8147799751750339,0.8382126451784015,0.8205103832424243,1.0,bec15e3963d46e241acd9c906831107e97b4c00b81c895257a4321545dcd738d,mobilenet_v2_float32__xnnpack_cpu__4t,False,False
realme_RMX3760_api35,mobilenet_v2_full_int8,0b1cdd47d0b7d94504c62d7160b431a69814006e3132b126ddc5b5bc97a4246d,mobilenet_v2,full_int8,builtin_cpu,none,none_builtin,1,2,200,195.489,210.6127,194.13725,3.5959915357242047,0.018522934345285125,5.159078052130827,0.06000765722824012,191.59449999999998,196.68,207.952775,6.6892655053637755,203.22275000000002,212.6828,572.68359375,554.5576171875,44.0,45.4,2748320,2.621002197265625,0.826956025128498,0.933466590519703,0.8406169665809768,0.8158985183058883,0.8342687544768734,0.8180017684658398,0.9465866895172808,0b1cdd47d0b7d94504c62d7160b431a69814006e3132b126ddc5b5bc97a4246d,mobilenet_v2_full_int8__builtin_cpu__1t,False,False
realme_RMX3760_api35,mobilenet_v2_full_int8,0b1cdd47d0b7d94504c62d7160b431a69814006e3132b126ddc5b5bc97a4246d,mobilenet_v2,full_int8,builtin_cpu,none,none_builtin,2,2,200,196.6145,217.76465,196.41025000000002,0.2888531201146871,0.001470662147798738,5.115419239909516,0.03588945524260245,196.20600000000002,196.6145,218.66362499999997,8.386746044280219,212.73329999999999,224.59394999999998,615.61083984375,582.7099609375,42.3,44.0,2748320,2.621002197265625,0.826956025128498,0.933466590519703,0.8406169665809768,0.8158985183058883,0.8342687544768734,0.8180017684658398,0.9465866895172808,0b1cdd47d0b7d94504c62d7160b431a69814006e3132b126ddc5b5bc97a4246d,mobilenet_v2_full_int8__builtin_cpu__2t,False,False
realme_RMX3760_api35,mobilenet_v2_full_int8,0b1cdd47d0b7d94504c62d7160b431a69814006e3132b126ddc5b5bc97a4246d,mobilenet_v2,full_int8,builtin_cpu,none,none_builtin,4,2,200,170.55,185.56924999999993,170.85075,1.2809239341194476,0.007497326960048157,5.881544191897168,0.049241202013817535,169.945,171.75650000000002,187.67747500000002,4.5821580081060125,184.4374,190.91755,468.34716796875,467.3818359375,43.8,44.9,2748320,2.621002197265625,0.826956025128498,0.933466590519703,0.8406169665809768,0.8158985183058883,0.8342687544768734,0.8180017684658398,0.9465866895172808,0b1cdd47d0b7d94504c62d7160b431a69814006e3132b126ddc5b5bc97a4246d,mobilenet_v2_full_int8__builtin_cpu__4t,False,False
realme_RMX3760_api35,mobilenet_v2_full_int8,0b1cdd47d0b7d94504c62d7160b431a69814006e3132b126ddc5b5bc97a4246d,mobilenet_v2,full_int8,xnnpack_cpu,xnnpack,xnnpack_initialized_partition_unverified,1,2,200,165.78500000000003,184.95379999999994,163.90699999999998,5.552202445876774,0.033874102057122484,6.116519828005642,0.11868958057441055,159.981,167.833,182.271925,10.018394941868202,175.18785,189.35600000000002,544.154296875,473.158203125,43.9,45.8,2748320,2.621002197265625,0.826956025128498,0.933466590519703,0.8406169665809768,0.8158985183058883,0.8342687544768734,0.8180017684658398,0.9465866895172808,0b1cdd47d0b7d94504c62d7160b431a69814006e3132b126ddc5b5bc97a4246d,mobilenet_v2_full_int8__xnnpack_cpu__1t,True,False
realme_RMX3760_api35,mobilenet_v2_full_int8,0b1cdd47d0b7d94504c62d7160b431a69814006e3132b126ddc5b5bc97a4246d,mobilenet_v2,full_int8,xnnpack_cpu,xnnpack,xnnpack_initialized_partition_unverified,2,2,200,166.6015,181.3712,166.43574999999998,1.1112183066346497,0.006676560213984374,6.0373072029816095,0.09217165378669497,165.65,167.2215,181.49415,0.8896110414107846,180.86509999999998,182.12319999999997,468.42431640625,488.419921875,43.5,46.1,2748320,2.621002197265625,0.826956025128498,0.933466590519703,0.8406169665809768,0.8158985183058883,0.8342687544768734,0.8180017684658398,0.9465866895172808,0b1cdd47d0b7d94504c62d7160b431a69814006e3132b126ddc5b5bc97a4246d,mobilenet_v2_full_int8__xnnpack_cpu__2t,False,True
realme_RMX3760_api35,mobilenet_v2_full_int8,0b1cdd47d0b7d94504c62d7160b431a69814006e3132b126ddc5b5bc97a4246d,mobilenet_v2,full_int8,xnnpack_cpu,xnnpack,xnnpack_initialized_partition_unverified,4,2,200,168.6885,183.79344999999998,168.8085,0.8046875169902747,0.004766866105618347,5.981836410843465,0.03042343535350614,168.23950000000002,169.3775,183.672125,0.24624993654822033,183.498,183.84625,664.4443359375,529.7470703125,43.7,43.9,2748320,2.621002197265625,0.826956025128498,0.933466590519703,0.8406169665809768,0.8158985183058883,0.8342687544768734,0.8180017684658398,0.9465866895172808,0b1cdd47d0b7d94504c62d7160b431a69814006e3132b126ddc5b5bc97a4246d,mobilenet_v2_full_int8__xnnpack_cpu__4t,False,False
realme_RMX3760_api35,mobilenet_v3_small_dynamic_int8,1c3ca9e08ab14de0d8e7ca58f127b9955ae2cf3e9ffaad5033952bcbb51dd82f,mobilenet_v3_small,dynamic_int8,builtin_cpu,none,none_builtin,1,2,200,355.124,372.70215,354.58975,4.063389118088513,0.011459409410702124,2.8203020270561927,0.04389037481796735,351.7165,357.463,372.9518,6.048025720844741,368.6752,377.22839999999997,554.4140625,484.8408203125,43.9,45.6,1144288,1.091278076171875,0.7535693889206168,0.8737864077669902,0.7763496143958869,0.712677374152068,0.7982251553507389,0.7482221315264849,0.887460725506998,1c3ca9e08ab14de0d8e7ca58f127b9955ae2cf3e9ffaad5033952bcbb51dd82f,mobilenet_v3_small_dynamic_int8__builtin_cpu__1t,False,False
realme_RMX3760_api35,mobilenet_v3_small_dynamic_int8,1c3ca9e08ab14de0d8e7ca58f127b9955ae2cf3e9ffaad5033952bcbb51dd82f,mobilenet_v3_small,dynamic_int8,builtin_cpu,none,none_builtin,2,2,200,356.8725,376.482,356.8505,0.031112698372236066,8.718692666042521e-05,2.8054180306800083,0.0025176919503369145,356.82849999999996,356.8725,376.87895000000003,5.966637730330221,372.6599,381.098,397.88623046875,424.775390625,43.4,43.9,1144288,1.091278076171875,0.7535693889206168,0.8737864077669902,0.7763496143958869,0.712677374152068,0.7982251553507389,0.7482221315264849,0.887460725506998,1c3ca9e08ab14de0d8e7ca58f127b9955ae2cf3e9ffaad5033952bcbb51dd82f,mobilenet_v3_small_dynamic_int8__builtin_cpu__2t,False,False
realme_RMX3760_api35,mobilenet_v3_small_dynamic_int8,1c3ca9e08ab14de0d8e7ca58f127b9955ae2cf3e9ffaad5033952bcbb51dd82f,mobilenet_v3_small,dynamic_int8,builtin_cpu,none,none_builtin,4,2,200,360.756,389.84385,359.98199999999997,3.372899346259819,0.00936963333238834,2.768112965259985,0.020271214109664072,357.597,362.36699999999996,388.09327499999995,7.236354021967781,382.9764,393.21014999999994,434.0361328125,510.96484375,42.4,45.8,1144288,1.091278076171875,0.7535693889206168,0.8737864077669902,0.7763496143958869,0.712677374152068,0.7982251553507389,0.7482221315264849,0.887460725506998,1c3ca9e08ab14de0d8e7ca58f127b9955ae2cf3e9ffaad5033952bcbb51dd82f,mobilenet_v3_small_dynamic_int8__builtin_cpu__4t,False,False
realme_RMX3760_api35,mobilenet_v3_small_dynamic_int8,1c3ca9e08ab14de0d8e7ca58f127b9955ae2cf3e9ffaad5033952bcbb51dd82f,mobilenet_v3_small,dynamic_int8,xnnpack_cpu,xnnpack,xnnpack_initialized_partition_unverified,1,2,200,351.491,366.5687,351.2605,3.9209071016794175,0.011162391164618332,2.8587750437945108,0.022405540885538252,348.488,354.033,366.637425,3.260787566102698,364.3317,368.94315,535.4033203125,465.8017578125,44.1,45.5,1144288,1.091278076171875,0.7535693889206168,0.8737864077669902,0.7763496143958869,0.712677374152068,0.7982251553507389,0.7482221315264849,0.887460725506998,1c3ca9e08ab14de0d8e7ca58f127b9955ae2cf3e9ffaad5033952bcbb51dd82f,mobilenet_v3_small_dynamic_int8__xnnpack_cpu__1t,False,True
realme_RMX3760_api35,mobilenet_v3_small_dynamic_int8,1c3ca9e08ab14de0d8e7ca58f127b9955ae2cf3e9ffaad5033952bcbb51dd82f,mobilenet_v3_small,dynamic_int8,xnnpack_cpu,xnnpack,xnnpack_initialized_partition_unverified,2,2,200,351.831,377.33985,352.2015,2.7478169516909006,0.007801832052648556,2.8284733416519696,0.04772108038954556,350.2585,354.1445,384.587975,19.937688868352986,370.48990000000003,398.6860499999999,532.27490234375,500.07421875,44.0,45.5,1144288,1.091278076171875,0.7535693889206168,0.8737864077669902,0.7763496143958869,0.712677374152068,0.7982251553507389,0.7482221315264849,0.887460725506998,1c3ca9e08ab14de0d8e7ca58f127b9955ae2cf3e9ffaad5033952bcbb51dd82f,mobilenet_v3_small_dynamic_int8__xnnpack_cpu__2t,False,False
realme_RMX3760_api35,mobilenet_v3_small_dynamic_int8,1c3ca9e08ab14de0d8e7ca58f127b9955ae2cf3e9ffaad5033952bcbb51dd82f,mobilenet_v3_small,dynamic_int8,xnnpack_cpu,xnnpack,xnnpack_initialized_partition_unverified,4,2,200,350.222,369.4369,350.0325,0.5868986283848232,0.0016766975306145091,2.8558316880368144,0.012937274656171126,349.6175,350.4475,371.2715,2.7949809739960214,369.29515000000004,373.24784999999997,502.58740234375,492.06640625,43.9,45.5,1144288,1.091278076171875,0.7535693889206168,0.8737864077669902,0.7763496143958869,0.712677374152068,0.7982251553507389,0.7482221315264849,0.887460725506998,1c3ca9e08ab14de0d8e7ca58f127b9955ae2cf3e9ffaad5033952bcbb51dd82f,mobilenet_v3_small_dynamic_int8__xnnpack_cpu__4t,True,False
realme_RMX3760_api35,mobilenet_v3_small_float16,201167c633c4c8714d7c84905e88fe159d76e9eff38c91b70708b1ced5a8bb00,mobilenet_v3_small,float16,builtin_cpu,none,none_builtin,1,2,200,357.83349999999996,378.89315,358.26849999999996,1.185818072049855,0.0033098585894374057,2.776737591638109,0.037560742495260695,357.42999999999995,359.10699999999997,394.77419999999995,35.77910815329249,369.47454999999997,420.07385,542.25146484375,592.69921875,42.1,42.6,1967356,1.8762168884277344,0.7398629354654483,0.9951456310679612,0.7632105112824907,0.694732845577966,0.8318685066384597,0.7478988805042079,0.9945729791488146,201167c633c4c8714d7c84905e88fe159d76e9eff38c91b70708b1ced5a8bb00,mobilenet_v3_small_float16__builtin_cpu__1t,False,False
realme_RMX3760_api35,mobilenet_v3_small_float16,201167c633c4c8714d7c84905e88fe159d76e9eff38c91b70708b1ced5a8bb00,mobilenet_v3_small,float16,builtin_cpu,none,none_builtin,2,2,200,359.1745,376.8721,358.57075,1.8020616318539495,0.005025679400380398,2.7911486109931722,0.013529044043895898,357.2965,359.845,376.13464999999997,2.7129565873784323,374.2163,378.053,573.111328125,558.53125,43.9,44.4,1967356,1.8762168884277344,0.7398629354654483,0.9951456310679612,0.7632105112824907,0.694732845577966,0.8318685066384597,0.7478988805042079,0.9945729791488146,201167c633c4c8714d7c84905e88fe159d76e9eff38c91b70708b1ced5a8bb00,mobilenet_v3_small_float16__builtin_cpu__2t,False,False
realme_RMX3760_api35,mobilenet_v3_small_float16,201167c633c4c8714d7c84905e88fe159d76e9eff38c91b70708b1ced5a8bb00,mobilenet_v3_small,float16,builtin_cpu,none,none_builtin,4,2,200,365.08349999999996,396.05824999999993,364.8085,1.2897627688843116,0.0035354515283616246,2.7281519559944476,0.03892717576547794,363.89649999999995,365.7205,400.112975,19.04121889116478,386.6488,413.57715,591.839599609375,465.548828125,44.6,45.8,1967356,1.8762168884277344,0.7398629354654483,0.9951456310679612,0.7632105112824907,0.694732845577966,0.8318685066384597,0.7478988805042079,0.9945729791488146,201167c633c4c8714d7c84905e88fe159d76e9eff38c91b70708b1ced5a8bb00,mobilenet_v3_small_float16__builtin_cpu__4t,False,False
realme_RMX3760_api35,mobilenet_v3_small_float16,201167c633c4c8714d7c84905e88fe159d76e9eff38c91b70708b1ced5a8bb00,mobilenet_v3_small,float16,xnnpack_cpu,xnnpack,xnnpack_initialized_partition_unverified,1,2,200,355.228,369.2861,355.25125,0.5462399884665935,0.001537615950588755,2.8282910074146175,0.008895804098437345,354.865,355.6375,368.80545,1.2900456115967152,367.89325,369.71765,646.24072265625,595.9599609375,41.8,44.2,1967356,1.8762168884277344,0.7398629354654483,0.9951456310679612,0.7632105112824907,0.694732845577966,0.8318685066384597,0.7478988805042079,0.9945729791488146,201167c633c4c8714d7c84905e88fe159d76e9eff38c91b70708b1ced5a8bb00,mobilenet_v3_small_float16__xnnpack_cpu__1t,False,False
realme_RMX3760_api35,mobilenet_v3_small_float16,201167c633c4c8714d7c84905e88fe159d76e9eff38c91b70708b1ced5a8bb00,mobilenet_v3_small,float16,xnnpack_cpu,xnnpack,xnnpack_initialized_partition_unverified,2,2,200,349.861,368.4323,349.5725,8.56801286763737,0.02450997394714221,2.8611784688641215,0.052499021115743186,343.514,355.631,367.0457,4.165636758648066,364.10015,369.99125,400.4970703125,451.73046875,42.9,44.5,1967356,1.8762168884277344,0.7398629354654483,0.9951456310679612,0.7632105112824907,0.694732845577966,0.8318685066384597,0.7478988805042079,0.9945729791488146,201167c633c4c8714d7c84905e88fe159d76e9eff38c91b70708b1ced5a8bb00,mobilenet_v3_small_float16__xnnpack_cpu__2t,True,False
realme_RMX3760_api35,mobilenet_v3_small_float16,201167c633c4c8714d7c84905e88fe159d76e9eff38c91b70708b1ced5a8bb00,mobilenet_v3_small,float16,xnnpack_cpu,xnnpack,xnnpack_initialized_partition_unverified,4,2,200,359.2125,549.99,359.22,0.13152186130068272,0.00036613178915617927,2.6177020938366597,0.17951345306830582,359.127,359.313,535.3949749999999,162.78273389890356,420.29019999999997,650.49975,553.5986328125,442.873046875,44.1,45.5,1967356,1.8762168884277344,0.7398629354654483,0.9951456310679612,0.7632105112824907,0.694732845577966,0.8318685066384597,0.7478988805042079,0.9945729791488146,201167c633c4c8714d7c84905e88fe159d76e9eff38c91b70708b1ced5a8bb00,mobilenet_v3_small_float16__xnnpack_cpu__4t,False,False
realme_RMX3760_api35,mobilenet_v3_small_float32,cf6183dcd31c9ec34724e8f68d15423dc09b0cf71b1e91ba37800321b7526ba4,mobilenet_v3_small,float32,builtin_cpu,none,none_builtin,1,2,200,355.88,374.33504999999997,356.25825,3.417093520083978,0.009591619338173861,2.804154923405676,0.01990800804460437,353.842,358.67449999999997,375.62514999999996,5.295381262949835,371.88075,379.36955,570.298828125,583.03125,41.4,43.9,3782516,3.607288360595703,0.7384351798972016,1.0,0.7634961439588689,0.6949484789662034,0.8314431943344902,0.7478994115042714,1.0,cf6183dcd31c9ec34724e8f68d15423dc09b0cf71b1e91ba37800321b7526ba4,mobilenet_v3_small_float32__builtin_cpu__1t,False,False
realme_RMX3760_api35,mobilenet_v3_small_float32,cf6183dcd31c9ec34724e8f68d15423dc09b0cf71b1e91ba37800321b7526ba4,mobilenet_v3_small,float32,builtin_cpu,none,none_builtin,2,2,200,361.839,381.24670000000003,361.8805,2.184252847085204,0.006035840138071005,2.7544323518115426,0.021898794145784755,360.336,363.42499999999995,381.28392499999995,8.348703699452347,375.3805,387.1873499999999,551.5380859375,564.50390625,41.3,43.6,3782516,3.607288360595703,0.7384351798972016,1.0,0.7634961439588689,0.6949484789662034,0.8314431943344902,0.7478994115042714,1.0,cf6183dcd31c9ec34724e8f68d15423dc09b0cf71b1e91ba37800321b7526ba4,mobilenet_v3_small_float32__builtin_cpu__2t,False,False
realme_RMX3760_api35,mobilenet_v3_small_float32,cf6183dcd31c9ec34724e8f68d15423dc09b0cf71b1e91ba37800321b7526ba4,mobilenet_v3_small,float32,builtin_cpu,none,none_builtin,4,2,200,357.4125,379.9371,357.2415,1.5754339084836342,0.004409996902609676,2.803683879875618,0.0016676607086263233,356.1275,358.3555,376.857425,4.495678848766881,373.6785,380.03634999999997,667.5283203125,532.451171875,43.6,44.0,3782516,3.607288360595703,0.7384351798972016,1.0,0.7634961439588689,0.6949484789662034,0.8314431943344902,0.7478994115042714,1.0,cf6183dcd31c9ec34724e8f68d15423dc09b0cf71b1e91ba37800321b7526ba4,mobilenet_v3_small_float32__builtin_cpu__4t,False,False
realme_RMX3760_api35,mobilenet_v3_small_float32,cf6183dcd31c9ec34724e8f68d15423dc09b0cf71b1e91ba37800321b7526ba4,mobilenet_v3_small,float32,xnnpack_cpu,xnnpack,xnnpack_initialized_partition_unverified,1,2,200,355.01300000000003,375.2468,354.78274999999996,1.116168054102979,0.003146060664175412,2.8217559664046363,0.005759176996963761,353.9935,355.572,373.92094999999995,6.754708237962643,369.14464999999996,378.69725,565.3037109375,443.4140625,43.9,44.5,3782516,3.607288360595703,0.7384351798972016,1.0,0.7634961439588689,0.6949484789662034,0.8314431943344902,0.7478994115042714,1.0,cf6183dcd31c9ec34724e8f68d15423dc09b0cf71b1e91ba37800321b7526ba4,mobilenet_v3_small_float32__xnnpack_cpu__1t,False,False
realme_RMX3760_api35,mobilenet_v3_small_float32,cf6183dcd31c9ec34724e8f68d15423dc09b0cf71b1e91ba37800321b7526ba4,mobilenet_v3_small,float32,xnnpack_cpu,xnnpack,xnnpack_initialized_partition_unverified,2,2,200,352.894,371.68235,353.60325,2.1803637597886896,0.006166130429481883,2.8295925177590275,0.004800223326583521,352.0615,355.145,371.78162499999996,1.5406088995101759,370.69225,372.871,475.21923828125,519.27734375,43.1,46.1,3782516,3.607288360595703,0.7384351798972016,1.0,0.7634961439588689,0.6949484789662034,0.8314431943344902,0.7478994115042714,1.0,cf6183dcd31c9ec34724e8f68d15423dc09b0cf71b1e91ba37800321b7526ba4,mobilenet_v3_small_float32__xnnpack_cpu__2t,False,False
realme_RMX3760_api35,mobilenet_v3_small_float32,cf6183dcd31c9ec34724e8f68d15423dc09b0cf71b1e91ba37800321b7526ba4,mobilenet_v3_small,float32,xnnpack_cpu,xnnpack,xnnpack_initialized_partition_unverified,4,2,200,353.7755,373.17555000000004,354.77975000000004,4.102279991053738,0.011562892163528887,2.828411379048762,0.03656464923522845,351.879,357.6805,373.035525,9.199565289254169,366.53045,379.5406,616.9287109375,595.2734375,41.1,44.1,3782516,3.607288360595703,0.7384351798972016,1.0,0.7634961439588689,0.6949484789662034,0.8314431943344902,0.7478994115042714,1.0,cf6183dcd31c9ec34724e8f68d15423dc09b0cf71b1e91ba37800321b7526ba4,mobilenet_v3_small_float32__xnnpack_cpu__4t,False,False
realme_RMX3760_api35,mobilenet_v3_small_full_int8,7eb4e5feb3ad6a7ffe9c7d81f9f7b78d520a334323c091aaddccb8859c84991b,mobilenet_v3_small,full_int8,builtin_cpu,none,none_builtin,1,2,200,154.0065,166.92139999999995,152.7835,3.416032859912223,0.022358650377247696,6.612643204078845,0.10807895611023755,150.368,155.199,167.47379999999998,3.340655277037727,165.11159999999998,169.83599999999998,573.243408203125,450.216796875,44.5,45.8,1252008,1.1940078735351562,0.5588235294117647,0.5062821245002855,0.5392744930019995,0.4856469430657474,0.3044060198508627,0.29882891959702623,0.5075692659240217,7eb4e5feb3ad6a7ffe9c7d81f9f7b78d520a334323c091aaddccb8859c84991b,mobilenet_v3_small_full_int8__builtin_cpu__1t,False,False
realme_RMX3760_api35,mobilenet_v3_small_full_int8,7eb4e5feb3ad6a7ffe9c7d81f9f7b78d520a334323c091aaddccb8859c84991b,mobilenet_v3_small,full_int8,builtin_cpu,none,none_builtin,2,2,200,150.01749999999998,163.30425,150.28375,0.5709887258081403,0.003799404298922141,6.682191011465912,0.017466718141894905,149.88,150.6875,162.34404999999998,2.0376696113452706,160.9032,163.7849,625.17236328125,496.2314453125,43.9,45.9,1252008,1.1940078735351562,0.5588235294117647,0.5062821245002855,0.5392744930019995,0.4856469430657474,0.3044060198508627,0.29882891959702623,0.5075692659240217,7eb4e5feb3ad6a7ffe9c7d81f9f7b78d520a334323c091aaddccb8859c84991b,mobilenet_v3_small_full_int8__builtin_cpu__2t,False,True
realme_RMX3760_api35,mobilenet_v3_small_full_int8,7eb4e5feb3ad6a7ffe9c7d81f9f7b78d520a334323c091aaddccb8859c84991b,mobilenet_v3_small,full_int8,builtin_cpu,none,none_builtin,4,2,200,146.546,165.66889999999998,146.76675,1.129603082945487,0.007696587155779405,6.815514788742767,0.11654581495481506,145.96800000000002,147.5655,164.586725,1.7262244295716567,163.3661,165.80734999999999,635.810546875,601.392578125,41.5,44.2,1252008,1.1940078735351562,0.5588235294117647,0.5062821245002855,0.5392744930019995,0.4856469430657474,0.3044060198508627,0.29882891959702623,0.5075692659240217,7eb4e5feb3ad6a7ffe9c7d81f9f7b78d520a334323c091aaddccb8859c84991b,mobilenet_v3_small_full_int8__builtin_cpu__4t,True,False
