configuration_id,architecture,quantization,runtime,threads,trial_median_mean_ms,trial_median_sd_ms,trial_median_cv,trial_median_bootstrap95_low_ms,trial_median_bootstrap95_high_ms,trial_p95_mean_ms,trial_p95_sd_ms,trial_p95_bootstrap95_low_ms,trial_p95_bootstrap95_high_ms,trial_throughput_mean_images_per_s,trial_throughput_sd_images_per_s,observation_count
efficientnet_b0_dynamic_int8__builtin_cpu__1t,efficientnet_b0,dynamic_int8,builtin_cpu,1,462.6965,2.130512731715051,0.0046045576997341,461.19,464.203,479.561125,3.184349323056447,477.30945,481.8128,2.164692118650065,0.0031400311014303,200
efficientnet_b0_dynamic_int8__builtin_cpu__2t,efficientnet_b0,dynamic_int8,builtin_cpu,2,457.03475,3.6575098256874266,0.0080026952560771,454.4485,459.621,477.75995,4.458449676737429,474.60735,480.91255,2.186213785286551,0.0158437351447221,200
efficientnet_b0_dynamic_int8__builtin_cpu__4t,efficientnet_b0,dynamic_int8,builtin_cpu,4,458.03825,1.4909346481317898,0.0032550439796933,456.984,459.0925,485.57315,8.773922362318894,479.36905,491.77725,2.1719490580954286,0.0087659266594063,200
efficientnet_b0_dynamic_int8__xnnpack_cpu__1t,efficientnet_b0,dynamic_int8,xnnpack_cpu,1,440.36825,6.506443047088024,0.0147750048898575,435.7675,444.969,463.097625,11.516612789846274,454.95415,471.2411,2.26853192619122,0.0342422641495263,200
efficientnet_b0_dynamic_int8__xnnpack_cpu__2t,efficientnet_b0,dynamic_int8,xnnpack_cpu,2,445.70975,5.925908379733849,0.0132954425603968,441.5195,449.9,461.89715,2.6875714539337765,459.99675,463.79755,2.252535041807432,0.0278342803560623,200
efficientnet_b0_dynamic_int8__xnnpack_cpu__4t,efficientnet_b0,dynamic_int8,xnnpack_cpu,4,445.99475,1.7483215164837165,0.0039200495442686,444.7585,447.231,468.042475,1.155377125119698,467.2255,468.8594499999999,2.2396741422422783,0.0107373712916657,200
efficientnet_b0_float16__builtin_cpu__1t,efficientnet_b0,float16,builtin_cpu,1,497.9035,3.4535095193151086,0.0069361021147975,495.4615,500.3455,523.9300250000001,2.436442480595428,522.2072000000001,525.6528500000001,2.0070537698411743,0.0127950977390424,200
efficientnet_b0_float16__builtin_cpu__2t,efficientnet_b0,float16,builtin_cpu,2,509.65275,7.600337237583631,0.014912775880408,504.2785,515.027,661.7831249999999,187.5199453998993,529.1865,794.37975,1.9107137936990013,0.1003126143802221,200
efficientnet_b0_float16__builtin_cpu__4t,efficientnet_b0,float16,builtin_cpu,4,486.01125,2.564322741973029,0.0052762621070459,484.198,487.8245,507.8344,10.923526977126013,500.1103,515.5585,2.0590160251175256,0.020307872364606,200
efficientnet_b0_float16__xnnpack_cpu__1t,efficientnet_b0,float16,xnnpack_cpu,1,456.39225,3.451034645580933,0.0075615540044357,453.952,458.8325,481.94845,15.023332094445616,471.32535,492.57155,2.182482796149926,0.0276613367939518,200
efficientnet_b0_float16__xnnpack_cpu__2t,efficientnet_b0,float16,xnnpack_cpu,2,454.2525,4.960354070023621,0.010919816775964,450.745,457.76,468.38685,5.167041382164458,464.7332,472.0405,2.202807616822138,0.0188417119214817,200
efficientnet_b0_float16__xnnpack_cpu__4t,efficientnet_b0,float16,xnnpack_cpu,4,455.587,3.0073251403863765,0.0066009898008204,453.4605,457.7135,480.874525,2.508496661598337,479.10075,482.6483,2.190517568078128,0.0096275949751148,200
efficientnet_b0_float32__builtin_cpu__1t,efficientnet_b0,float32,builtin_cpu,1,497.9427500000001,1.405374727608271,0.0028223620639285,496.949,498.9365,515.9678,1.7306438469540686,514.74405,517.19155,2.005955182287347,0.0070920835804466,200
efficientnet_b0_float32__builtin_cpu__2t,efficientnet_b0,float32,builtin_cpu,2,514.27475,6.38552778750509,0.0124165687456074,509.7595,518.79,540.1196500000001,14.93211531967258,529.56105,550.67825,1.9416443718618737,0.0238115993771971,200
efficientnet_b0_float32__builtin_cpu__4t,efficientnet_b0,float32,builtin_cpu,4,489.13775,2.9192903461286432,0.0059682376715529,487.0735,491.202,526.6596,15.132580092138967,515.95925,537.35995,2.032311717930384,0.023234547542978,200
efficientnet_b0_float32__xnnpack_cpu__1t,efficientnet_b0,float32,xnnpack_cpu,1,452.024,8.283755941600427,0.0183259206183751,446.1665,457.8815,467.103175,3.748761955799515,464.4524,469.75395,2.215065792783675,0.0302281420211104,200
efficientnet_b0_float32__xnnpack_cpu__2t,efficientnet_b0,float32,xnnpack_cpu,2,452.8945,1.125713995649013,0.002485598733588,452.0985,453.6905,468.9096,1.3489476064695205,467.95575,469.86345,2.210539854187665,0.0071602791444206,200
efficientnet_b0_float32__xnnpack_cpu__4t,efficientnet_b0,float32,xnnpack_cpu,4,453.9895,0.4758828637385477,0.0010482243834682,453.653,454.326,482.33742500000005,12.962716868050876,473.1714,491.50345,2.199226610265331,0.0084078154780003,200
efficientnet_b0_full_int8__builtin_cpu__1t,efficientnet_b0,full_int8,builtin_cpu,1,313.5105,0.7601397897755306,0.0024246071177058,312.973,314.048,327.158275,6.616362796223495,322.47979999999995,331.83675,3.2205933485245137,0.0029455875505579,200
efficientnet_b0_full_int8__builtin_cpu__2t,efficientnet_b0,full_int8,builtin_cpu,2,329.39325,1.246275701841282,0.0037835496077751,328.512,330.2745,362.70065,4.503492378699041,359.5162,365.8851,3.025448712472855,0.0178014145157631,200
efficientnet_b0_full_int8__builtin_cpu__4t,efficientnet_b0,full_int8,builtin_cpu,4,301.86875,0.7527151685730464,0.0024935180225612,301.3365,302.40099999999995,323.88965,0.4341635636485633,323.58265,324.19665000000003,3.306187488276213,0.0087297460236975,200
efficientnet_b0_full_int8__xnnpack_cpu__1t,efficientnet_b0,full_int8,xnnpack_cpu,1,181.56175,3.742362639429796,0.0206120652584026,178.9155,184.208,199.3656,2.28600551289799,197.74915,200.98205,5.475211901361918,0.0629103488789053,200
efficientnet_b0_full_int8__xnnpack_cpu__2t,efficientnet_b0,full_int8,xnnpack_cpu,2,187.9105,0.122329473145274,0.0006509986038314,187.824,187.997,207.413575,1.3056373161219037,206.49035,208.3368,5.397595483471991,0.0643655356685218,200
efficientnet_b0_full_int8__xnnpack_cpu__4t,efficientnet_b0,full_int8,xnnpack_cpu,4,187.55575,2.4653277926069026,0.0131445065939428,185.8125,189.299,200.775575,0.3562050410227209,200.5237,201.02745,5.380777735623118,0.0091746221377568,200
mobilenet_v2_dynamic_int8__builtin_cpu__1t,mobilenet_v2,dynamic_int8,builtin_cpu,1,392.20425,2.662610584557927,0.0067888366445746,390.3215,394.087,412.2762,4.177233309859509,409.32245,415.22995,2.548409855484004,0.0095166397897254,200
mobilenet_v2_dynamic_int8__builtin_cpu__2t,mobilenet_v2,dynamic_int8,builtin_cpu,2,390.6465,0.4744686501761277,0.0012145728943587,390.311,390.982,426.0444,24.945878712123964,408.405,443.6838,2.5549984175293696,0.0139634836340081,200
mobilenet_v2_dynamic_int8__builtin_cpu__4t,mobilenet_v2,dynamic_int8,builtin_cpu,4,392.11,1.4184562030602346,0.0036174956085288,391.107,393.113,421.0176,0.2981869296263579,420.80675,421.22845,2.539668493029299,0.0057443325433139,200
mobilenet_v2_dynamic_int8__xnnpack_cpu__1t,mobilenet_v2,dynamic_int8,xnnpack_cpu,1,390.04175,3.374667113212824,0.0086520663831828,387.6555,392.428,411.95645,10.735224441295994,404.3655,419.5473999999999,2.556006786149238,0.0348778304013044,200
mobilenet_v2_dynamic_int8__xnnpack_cpu__2t,mobilenet_v2,dynamic_int8,xnnpack_cpu,2,395.034,0.2439518395093781,0.0006175464377987,394.8615,395.2065,414.14525,7.842097046071278,408.60005,419.69045,2.54308231750546,0.0104323627792057,200
mobilenet_v2_dynamic_int8__xnnpack_cpu__4t,mobilenet_v2,dynamic_int8,xnnpack_cpu,4,400.65725,6.068743949533531,0.0151469715062775,396.366,404.9485,424.271325,2.796713385609976,422.29375,426.2489,2.486806846737577,0.032840206053914,200
mobilenet_v2_float16__builtin_cpu__1t,mobilenet_v2,float16,builtin_cpu,1,417.87025,2.9539385784068086,0.0070690329795117,415.7815,419.959,439.574675,1.776570432392142,438.31845,440.8309,2.385193178694625,0.0038341179693258,200
mobilenet_v2_float16__builtin_cpu__2t,mobilenet_v2,float16,builtin_cpu,2,426.6415,2.586596605580401,0.0060626933985099,424.8125,428.4705,444.63965,0.6897826650474848,444.1519,445.1274,2.345365755982904,0.0076701939438338,200
mobilenet_v2_float16__builtin_cpu__4t,mobilenet_v2,float16,builtin_cpu,4,410.94675,0.0243951839509619,5.936336995234039e-05,410.9295,410.964,429.498825,1.9570947936290517,428.11495,430.8827,2.43993434389261,0.0010935288192475,200
mobilenet_v2_float16__xnnpack_cpu__1t,mobilenet_v2,float16,xnnpack_cpu,1,393.40625,3.774889551364432,0.0095953980176075,390.737,396.0755,409.203725,3.846837666350069,406.4836,411.92385,2.5504404520190977,0.0226638494861361,200
mobilenet_v2_float16__xnnpack_cpu__2t,mobilenet_v2,float16,xnnpack_cpu,2,396.807,5.568465901844061,0.0140331846510874,392.8695,400.7445,415.335625,9.097883334119544,408.90245,421.7688,2.53030533756298,0.0408537617185813,200
mobilenet_v2_float16__xnnpack_cpu__4t,mobilenet_v2,float16,xnnpack_cpu,4,393.49025,4.116422126677457,0.0104613065423538,390.5795,396.401,411.41802500000006,1.0565943077880144,410.6709,412.16515,2.543993737304745,0.0127493504657948,200
mobilenet_v2_float32__builtin_cpu__1t,mobilenet_v2,float32,builtin_cpu,1,420.2045,1.9480791821689352,0.0046360264637073,418.827,421.582,440.975425,2.5447005287951248,439.17605,442.7748,2.380619606160539,0.0047900611157986,200
mobilenet_v2_float32__builtin_cpu__2t,mobilenet_v2,float32,builtin_cpu,2,435.4085,6.986214998123086,0.0160451966328702,430.4685,440.3485,484.306375,24.89033547446168,466.70625,501.9064999999999,2.2766350539657143,0.0511968545370087,200
mobilenet_v2_float32__builtin_cpu__4t,mobilenet_v2,float32,builtin_cpu,4,412.97375,1.9802525407129663,0.0047951051143395,411.5735,414.374,441.26997499999993,2.662292386506352,439.38745,443.1524999999999,2.4110294356512503,0.0185161138407741,200
mobilenet_v2_float32__xnnpack_cpu__1t,mobilenet_v2,float32,xnnpack_cpu,1,394.74225,4.157434319986312,0.0105320226552549,391.8025,397.682,412.622425,2.6547970546258077,410.7452,414.49965,2.534888386004045,0.0265461398217528,200
mobilenet_v2_float32__xnnpack_cpu__2t,mobilenet_v2,float32,xnnpack_cpu,2,400.50575,1.5588168991257412,0.0038921211471389,399.4035,401.608,442.547325,35.7030588189758,417.3014500000001,467.7932,2.471597636234367,0.0566662017888289,200
mobilenet_v2_float32__xnnpack_cpu__4t,mobilenet_v2,float32,xnnpack_cpu,4,399.114,0.6427600640985659,0.0016104673454165,398.6595,399.5685,421.704925,1.534810623904495,420.61965,422.7902,2.499530983421132,0.019474393998076,200
mobilenet_v2_full_int8__builtin_cpu__1t,mobilenet_v2,full_int8,builtin_cpu,1,194.13725,3.5959915357242047,0.0185229343452851,191.5945,196.68,207.952775,6.689265505363776,203.22275,212.6828,5.159078052130827,0.0600076572282401,200
mobilenet_v2_full_int8__builtin_cpu__2t,mobilenet_v2,full_int8,builtin_cpu,2,196.41025,0.2888531201146871,0.0014706621477987,196.206,196.6145,218.663625,8.386746044280219,212.7333,224.59395,5.115419239909516,0.0358894552426024,200
mobilenet_v2_full_int8__builtin_cpu__4t,mobilenet_v2,full_int8,builtin_cpu,4,170.85075,1.2809239341194476,0.0074973269600481,169.945,171.75650000000002,187.677475,4.5821580081060125,184.4374,190.91755,5.881544191897168,0.0492412020138175,200
mobilenet_v2_full_int8__xnnpack_cpu__1t,mobilenet_v2,full_int8,xnnpack_cpu,1,163.90699999999998,5.552202445876774,0.0338741020571224,159.981,167.833,182.271925,10.018394941868202,175.18785,189.356,6.116519828005642,0.1186895805744105,200
mobilenet_v2_full_int8__xnnpack_cpu__2t,mobilenet_v2,full_int8,xnnpack_cpu,2,166.43574999999998,1.1112183066346497,0.0066765602139843,165.65,167.2215,181.49415,0.8896110414107846,180.8651,182.1232,6.0373072029816095,0.0921716537866949,200
mobilenet_v2_full_int8__xnnpack_cpu__4t,mobilenet_v2,full_int8,xnnpack_cpu,4,168.8085,0.8046875169902747,0.0047668661056183,168.23950000000002,169.3775,183.672125,0.2462499365482203,183.498,183.84625,5.981836410843465,0.0304234353535061,200
mobilenet_v3_small_dynamic_int8__builtin_cpu__1t,mobilenet_v3_small,dynamic_int8,builtin_cpu,1,354.58975,4.063389118088513,0.0114594094107021,351.7165,357.463,372.9518,6.048025720844741,368.6752,377.2284,2.8203020270561927,0.0438903748179673,200
mobilenet_v3_small_dynamic_int8__builtin_cpu__2t,mobilenet_v3_small,dynamic_int8,builtin_cpu,2,356.8505,0.031112698372236,8.718692666042521e-05,356.8285,356.8725,376.87895,5.966637730330221,372.6599,381.098,2.8054180306800083,0.0025176919503369,200
mobilenet_v3_small_dynamic_int8__builtin_cpu__4t,mobilenet_v3_small,dynamic_int8,builtin_cpu,4,359.982,3.372899346259819,0.0093696333323883,357.597,362.367,388.093275,7.236354021967781,382.9764,393.21015,2.768112965259985,0.020271214109664,200
mobilenet_v3_small_dynamic_int8__xnnpack_cpu__1t,mobilenet_v3_small,dynamic_int8,xnnpack_cpu,1,351.2605,3.9209071016794175,0.0111623911646183,348.488,354.033,366.637425,3.260787566102698,364.3317,368.94315,2.8587750437945108,0.0224055408855382,200
mobilenet_v3_small_dynamic_int8__xnnpack_cpu__2t,mobilenet_v3_small,dynamic_int8,xnnpack_cpu,2,352.2015,2.747816951690901,0.0078018320526485,350.2585,354.1445,384.587975,19.937688868352986,370.4899,398.6860499999999,2.8284733416519696,0.0477210803895455,200
mobilenet_v3_small_dynamic_int8__xnnpack_cpu__4t,mobilenet_v3_small,dynamic_int8,xnnpack_cpu,4,350.0325,0.5868986283848232,0.0016766975306145,349.6175,350.4475,371.2715,2.7949809739960214,369.29515,373.24785,2.8558316880368144,0.0129372746561711,200
mobilenet_v3_small_float16__builtin_cpu__1t,mobilenet_v3_small,float16,builtin_cpu,1,358.2685,1.185818072049855,0.0033098585894374,357.42999999999995,359.107,394.7742,35.77910815329249,369.47455,420.07385,2.776737591638109,0.0375607424952606,200
mobilenet_v3_small_float16__builtin_cpu__2t,mobilenet_v3_small,float16,builtin_cpu,2,358.57075,1.8020616318539493,0.0050256794003803,357.2965,359.845,376.13465,2.7129565873784323,374.2163,378.053,2.791148610993172,0.0135290440438958,200
mobilenet_v3_small_float16__builtin_cpu__4t,mobilenet_v3_small,float16,builtin_cpu,4,364.8085,1.2897627688843116,0.0035354515283616,363.8965,365.7205,400.112975,19.04121889116478,386.6488,413.57715,2.728151955994448,0.0389271757654779,200
mobilenet_v3_small_float16__xnnpack_cpu__1t,mobilenet_v3_small,float16,xnnpack_cpu,1,355.25125,0.5462399884665935,0.0015376159505887,354.865,355.6375,368.80545,1.2900456115967152,367.89325,369.71765,2.828291007414617,0.0088958040984373,200
mobilenet_v3_small_float16__xnnpack_cpu__2t,mobilenet_v3_small,float16,xnnpack_cpu,2,349.5725,8.56801286763737,0.0245099739471422,343.514,355.631,367.0457,4.165636758648066,364.10015,369.99125,2.861178468864121,0.0524990211157431,200
mobilenet_v3_small_float16__xnnpack_cpu__4t,mobilenet_v3_small,float16,xnnpack_cpu,4,359.22,0.1315218613006827,0.0003661317891561,359.127,359.313,535.3949749999999,162.78273389890356,420.2902,650.49975,2.61770209383666,0.1795134530683058,200
mobilenet_v3_small_float32__builtin_cpu__1t,mobilenet_v3_small,float32,builtin_cpu,1,356.25825,3.417093520083978,0.0095916193381738,353.842,358.6745,375.62515,5.295381262949835,371.88075,379.36955,2.804154923405676,0.0199080080446043,200
mobilenet_v3_small_float32__builtin_cpu__2t,mobilenet_v3_small,float32,builtin_cpu,2,361.8805,2.184252847085204,0.006035840138071,360.336,363.425,381.283925,8.348703699452347,375.3805,387.1873499999999,2.7544323518115426,0.0218987941457847,200
mobilenet_v3_small_float32__builtin_cpu__4t,mobilenet_v3_small,float32,builtin_cpu,4,357.2415,1.5754339084836342,0.0044099969026096,356.1275,358.3555,376.857425,4.495678848766881,373.6785,380.03635,2.803683879875618,0.0016676607086263,200
mobilenet_v3_small_float32__xnnpack_cpu__1t,mobilenet_v3_small,float32,xnnpack_cpu,1,354.78275,1.116168054102979,0.0031460606641754,353.9935,355.572,373.92095,6.754708237962643,369.14465,378.69725,2.8217559664046363,0.0057591769969637,200
mobilenet_v3_small_float32__xnnpack_cpu__2t,mobilenet_v3_small,float32,xnnpack_cpu,2,353.60325,2.1803637597886896,0.0061661304294818,352.0615,355.145,371.781625,1.540608899510176,370.69225,372.871,2.8295925177590275,0.0048002233265835,200
mobilenet_v3_small_float32__xnnpack_cpu__4t,mobilenet_v3_small,float32,xnnpack_cpu,4,354.77975000000004,4.102279991053738,0.0115628921635288,351.879,357.6805,373.035525,9.199565289254169,366.53045,379.5406,2.828411379048762,0.0365646492352284,200
mobilenet_v3_small_full_int8__builtin_cpu__1t,mobilenet_v3_small,full_int8,builtin_cpu,1,152.7835,3.416032859912223,0.0223586503772476,150.368,155.199,167.47379999999998,3.340655277037727,165.11159999999998,169.83599999999998,6.612643204078845,0.1080789561102375,200
mobilenet_v3_small_full_int8__builtin_cpu__2t,mobilenet_v3_small,full_int8,builtin_cpu,2,150.28375,0.5709887258081403,0.0037994042989221,149.88,150.6875,162.34404999999998,2.0376696113452706,160.9032,163.7849,6.682191011465912,0.0174667181418949,200
mobilenet_v3_small_full_int8__builtin_cpu__4t,mobilenet_v3_small,full_int8,builtin_cpu,4,146.76675,1.129603082945487,0.0076965871557794,145.96800000000002,147.5655,164.586725,1.726224429571657,163.3661,165.80735,6.815514788742767,0.116545814954815,200
